airport,flights,delayed,delay_min,delay_rate,avg_delay_min_per_arrival
ABQ,9988.0,2392.0,111121.0,0.2394873848618342,11.125450540648778
ALB,3129.0,857.0,43801.0,0.2738894215404283,13.998402045381912
AMA,2411.0,532.0,26249.0,0.22065532973869764,10.88718374118623
ATL,34317.0,7237.0,395937.0,0.21088673252323922,11.53763440860215
AUS,36371.0,7636.0,373838.0,0.20994748563415908,10.278463611118749
BDL,3839.0,1080.0,53655.0,0.2813232612659547,13.97629591039333
BHM,3736.0,970.0,49863.0,0.25963597430406854,13.346627408993577
BLI,1071.0,293.0,13705.0,0.2735760971055089,12.796451914098974
BNA,46605.0,8818.0,471259.0,0.18920716661302436,10.111769123484605
BOI,4337.0,1142.0,52058.0,0.2633156559833987,12.003228037814157
BOS,5916.0,1741.0,93035.0,0.2942866801893171,15.725997295469913
BUF,4223.0,1153.0,56952.0,0.27302865261662324,13.486147288657353
BUR,21498.0,4390.0,207114.0,0.20420504232951903,9.634105498185878
BWI,67914.0,13401.0,728000.0,0.19732308507818713,10.719439290867863
BZN,1991.0,560.0,27277.0,0.2812656956303365,13.70015067805123
CHS,3441.0,836.0,42167.0,0.24295263004940423,12.254286544609124
CLE,4863.0,1238.0,59389.0,0.2545753650010282,12.212420316676948
CLT,3013.0,753.0,37791.0,0.24991702621971457,12.542648523066712
CMH,11353.0,2817.0,148082.0,0.2481282480401656,13.043424645468159
COS,4783.0,1214.0,62762.0,0.2538155969057077,13.121890027179594
CRP,1317.0,206.0,9825.0,0.15641609719058466,7.460136674259681
CVG,2516.0,670.0,32684.0,0.26629570747217807,12.990461049284578
DAL,69849.0,14296.0,776423.0,0.20467007401680767,11.115735372016779
DCA,15891.0,3449.0,174539.0,0.2170410924422629,10.983512680133408
DEN,92612.0,20716.0,1141852.0,0.22368591543212543,12.329417354122576
DSM,1659.0,502.0,26761.0,0.3025919228450874,16.130801687763714
DTW,3792.0,1073.0,51065.0,0.2829641350210971,13.466508438818565
ECP,2570.0,602.0,28914.0,0.23424124513618677,11.25058365758755
ELP,8600.0,1959.0,93428.0,0.22779069767441862,10.863720930232558
EUG,1765.0,395.0,17597.0,0.2237960339943343,9.969971671388102
FAT,1418.0,445.0,21129.0,0.3138222849083216,14.900564174894217
FLL,16149.0,4075.0,223157.0,0.25233760604371785,13.818626540343056
GEG,3791.0,954.0,44141.0,0.25164864151938804,11.643629649169085
GRR,1688.0,451.0,22714.0,0.2671800947867299,13.456161137440759
GSP,1181.0,292.0,13759.0,0.2472480948348857,11.650296359017782
HDN,642.0,135.0,6841.0,0.2102803738317757,10.65576323987539
HNL,14436.0,2604.0,120692.0,0.18038237738985868,8.360487669714603
HOU,49177.0,9857.0,526621.0,0.20043922972121114,10.708684954348577
HRL,2214.0,429.0,21111.0,0.1937669376693767,9.535230352303524
IAD,1940.0,422.0,19783.0,0.2175257731958763,10.197422680412371
IAH,6364.0,1369.0,72846.0,0.21511627906976744,11.446574481458203
ICT,1702.0,464.0,23751.0,0.27262044653349,13.95475910693302
IND,10109.0,2631.0,138495.0,0.2602631318626966,13.70016816697992
ISP,2677.0,671.0,33195.0,0.25065371684721705,12.400074710496824
ITO,1820.0,308.0,14422.0,0.16923076923076924,7.9241758241758244
JAN,2448.0,535.0,28454.0,0.21854575163398693,11.623366013071895
JAX,3939.0,989.0,48619.0,0.25107895404925107,12.342980451891343
KOA,3920.0,740.0,33956.0,0.18877551020408162,8.662244897959184
LAS,81836.0,20978.0,1084993.0,0.25634195219707706,13.258138227674863
LAX,28350.0,7085.0,343948.0,0.24991181657848324,12.132204585537918
LBB,2777.0,644.0,33504.0,0.23190493338134677,12.064818149081743
LGA,12392.0,3157.0,164356.0,0.25476113621691415,13.26307295029051
LGB,13764.0,2935.0,127088.0,0.21323743097936645,9.233362394652717
LIH,3877.0,789.0,35739.0,0.20350786690740263,9.218209956151664
LIT,2434.0,621.0,34163.0,0.2551355792933443,14.035743631881676
MAF,3896.0,843.0,42324.0,0.21637577002053388,10.863449691991786
MCI,21489.0,5139.0,259772.0,0.23914560938154406,12.08860347154358
MCO,39502.0,9656.0,560243.0,0.24444331932560376,14.182648979798492
MDW,76876.0,15638.0,841065.0,0.20341849211717572,10.940540610853843
MEM,2949.0,853.0,44331.0,0.28925059342149884,15.032553407934893
MHT,2898.0,746.0,34953.0,0.25741890959282265,12.061076604554865
MIA,6529.0,1776.0,97422.0,0.27201715423495176,14.921427477408486
MKE,8080.0,2122.0,116551.0,0.26262376237623763,14.424628712871288
MSP,6622.0,1675.0,83132.0,0.25294472968891574,12.553911205073996
MSY,18785.0,4408.0,232091.0,0.23465531008783605,12.3551237689646
MTJ,639.0,142.0,6651.0,0.2222222222222222,10.408450704225352
MYR,2349.0,575.0,28896.0,0.24478501489995744,12.301404853128991
OAK,38592.0,8358.0,397091.0,0.2165733830845771,10.289464137645108
OGG,7745.0,1465.0,64938.0,0.18915429309231763,8.384506132989026
OKC,6737.0,1799.0,89274.0,0.26703280391865813,13.251298797684429
OMA,7228.0,1916.0,93619.0,0.2650802434975097,12.952268954067515
ONT,11078.0,2500.0,122757.0,0.22567250406210507,11.081151832460733
ORD,9590.0,2211.0,109920.0,0.2305526590198123,11.461939520333681
ORF,2740.0,756.0,36914.0,0.2759124087591241,13.472262773722628
PBI,2095.0,605.0,32000.0,0.28878281622911695,15.274463007159904
PDX,9650.0,2151.0,101039.0,0.22290155440414508,10.470362694300517
PHL,4091.0,1065.0,52105.0,0.26032754827670496,12.736494744561233
PHX,61436.0,13233.0,659582.0,0.2153948824793281,10.736083078325413
PIT,8645.0,2163.0,113798.0,0.25020242914979757,13.163447079236553
PNS,1842.0,387.0,17972.0,0.21009771986970685,9.756786102062975
PSP,3205.0,764.0,35531.0,0.23837753510140405,11.086115444617784
PVD,4488.0,1246.0,65102.0,0.27762923351158647,14.505793226381462
PWM,1366.0,399.0,17729.0,0.29209370424597364,12.978770131771595
RDU,7533.0,2030.0,98499.0,0.2694809504845347,13.075667064914377
RIC,1625.0,341.0,16418.0,0.20984615384615385,10.103384615384615
RNO,8399.0,2095.0,102457.0,0.24943445648291462,12.198714132634837
ROC,1926.0,557.0,27960.0,0.28920041536863966,14.517133956386292
RSW,7356.0,1720.0,98763.0,0.2338227297444263,13.426182707993474
SAN,36871.0,8723.0,395898.0,0.23658159529169265,10.737381682080768
SAT,15030.0,3575.0,177579.0,0.23785761809713907,11.81497005988024
SAV,2374.0,589.0,28336.0,0.2481044650379107,11.935973041280539
SBA,2093.0,443.0,21888.0,0.21165790731008122,10.457716196846631
SDF,4308.0,1053.0,54956.0,0.24442896935933148,12.75673166202414
SEA,8506.0,1985.0,93132.0,0.23336468375264519,10.94897719256995
SFO,8749.0,2751.0,139633.0,0.31443593553548976,15.959881129271917
SJC,34562.0,6830.0,314619.0,0.19761587871072275,9.103032231931023
SJU,3651.0,1110.0,61910.0,0.3040262941659819,16.956998082717064
SLC,11612.0,2816.0,136855.0,0.24250775060282467,11.785652772993455
SMF,32203.0,6821.0,321635.0,0.21181256404682794,9.98773406204391
SNA,16674.0,3682.0,157549.0,0.22082283795130142,9.448782535684298
SRQ,4394.0,1079.0,56766.0,0.2455621301775148,12.918980427856168
STL,36920.0,7657.0,395667.0,0.2073943661971831,10.716874322860239
SYR,1145.0,311.0,14488.0,0.27161572052401745,12.653275109170306
TPA,23887.0,5942.0,322441.0,0.24875455268556118,13.498597563528278
TUL,5481.0,1275.0,65688.0,0.2326217843459223,11.984674329501916
TUS,3665.0,997.0,47929.0,0.27203274215552525,13.077489768076399
VPS,1547.0,266.0,12578.0,0.17194570135746606,8.130575307045895
